id,first_name,last_name,email,phone_number,job,company,department,city,postal_code,salary,car
1,Pip,Tyzack,ptyzack0@reverbnation.com,(451) 1970713,,Feedspan,Research and Development,Polešovice,687 37,"€35645,48",Honda
2,Carmon,Ellsworthe,cellsworthe1w3.org,(965) 1300204,Web Developer II,Devshare,Human Resources,Bicaj,,"€55313,82",Pontiac
3,Fredrick,Noquet,fnoquet2@plala.o,(149) 1299616,Technical Writer,Oyonder,Accounting,Ljutomer,9240,"€3368,18",Chevrolet
4,Wilow,Rucklidge,,(335) 7693697,,Zava,,Okpoma,,"€40915,26",Porsche
5,Jacinta,Hartnup,jhartnup4@phet,(780) 3087950,,Zoonder,,Makrochóri,,"€35426,32",Honda
6,Henderson,Fidoe,hfidoe5tagramom,(430) 9743202,Help Desk Technician,Eidel,Marketing,La Puerta de San José,4751,"€21791,72",Ford
7,Aluin,Kubik,akubik6@businessweek.com,,,Brightbean,,Makale,,"€39917,24",Lotus
8,Sheba,Roswarn,sroswarn7@sun.com,(133) 7739996,Developer II,Zoomzone,,Haozigang,,"€31237,18",Suzuki
9,Meade,Guppie,,(944) 1556689,,Skiba,,Cirateun,,"€56516,50",Chevrolet
10,Tracy,Stidever,tstidever9dtoany.com,,Chief Design Engineer,Youspan,Services,Ḩabābah,,"€74283,48",Audi
11,Olia,Grouse,,(787) 2800419,Actuary,Eabox,,Lengkongbarang,,"€12072,32",Hyundai
12,Itch,,ihulburdb@bloglines.com,(221) 4667087,,Photofeed,Research and Development,Longhua,,"€20474,47",Ford
13,Romain,Braxton,,,,Pixoboo,Product Management,Samashki,366602,"€2077,89",Nissan
14,Inger,Arbuckel,iarbuckeld@privacy.gov.au,(678) 6973331,Systems Administrator IV,Rooxo,,Bluri,,"€35449,47",Ford
15,Tally,,,(429) 2139701,Desktop Support Technician,Edgeclub,Human Resources,Tanabe,610-0331,"€78165,66",Chevrolet
16,Buddy,Gotcliff,,(894) 5859133,Occupational Therapist,Browsezoom,Accounting,Iporá,76200-000,"€62120,10",Lincoln
17,Darwin,Stilling,,,Engineer III,Trudeo,Services,Santa Fe,6513,"€77947,61",Jaguar
18,Nobie,,njordih@microsoft.com,(142) 3970440,Research Nurse,Kazu,Sales,Budapest,1062,"€83294,36",Chevrolet
19,Roma,,rilyenkoi@techcrunch.com,(170) 2994197,Operator,DabZ,Business Development,Jaba‘,,"€63174,87",Ford
20,Susannah,Titherington,stitheringtonj@intel.com,(220) 7882826,,Photojam,,Sollefteå,881 30,"€10971,24",Ford
21,Phillip,Bickerdyke,pbickerdykek@utexas.edu,(212) 6797362,Editor,Dabvine,Research and Development,Koungou,97600,"€72478,75",Toyota
22,Leisha,,,,Director of Sales,Kwimbee,Training,Ljusdal,827 24,"€88444,53",Volkswagen
23,Isis,,ilampreym@mtv.com,(130) 9029146,Project Manager,Agivu,,Kobleve,,"€93374,40",Hyundai
24,Ninon,Fransoni,nfransonin@loc.gov,(966) 4410068,Analog Circuit Design manager,Devshare,,Jhumra,50355,"€21765,23",Ford
25,Honoria,Claesens,hclaesenso@cocolog-nifty.com,(721) 4463815,Assistant Media Planner,Tagpad,,Rājshāhi,6100,"€11490,74",Dodge
26,Nessy,Boni,nbonip@github.com,(553) 6341601,Safety Technician I,Photobug,,Sapu Padidu,6001,"€69290,04",Maserati
27,Vincenty,Carnegy,vcarnegyq@reference.com,(435) 2217035,Actuary,Roomm,Legal,Lyozna,,"€17929,19",Oldsmobile
28,Sarene,Bengall,sbengallr@amazon.com,(730) 3816626,Quality Control Specialist,Flashdog,Research and Development,Subottsi,,"€42229,94",Lexus
29,Angela,,aeasthams@cdbaby.com,(437) 1755311,Professor,Blognation,Engineering,Kedian,,"€5238,97",Buick
30,Rosy,Castellan,,(222) 5998735,,Zava,Engineering,Rejanegara,,"€98137,38",Jaguar
31,Thadeus,,thendinu@hexun.com,,,Lazzy,,Legok,,"€96043,76",Suzuki
32,Lucretia,Lindholm,llindholmv@nature.com,(858) 1370770,Accounting Assistant IV,Devshare,Engineering,Fengyuan,,"€42167,81",Ford
33,Phil,Macias,pmaciasw@naver.com,(826) 9841860,Environmental Specialist,Gabtune,,Leon,24193,"€69567,37",BMW
34,Donnell,Gladbach,,(318) 2980679,Software Engineer I,Mymm,Legal,Jialai,,"€56986,72",Eagle
35,Selina,Wellesley,swellesleyy@gov.uk,(199) 4685731,,Twinder,Business Development,Novoselë,,"€83490,64",Mazda
36,Tanney,,tfanningz@paginegialle.it,(398) 7274289,Engineer IV,Browsetype,,Jianggu,,"€70686,90",Oldsmobile
37,Dicky,Bate,,(194) 1270267,Marketing Manager,Bluezoom,Business Development,Chernelytsya,,"€13200,38",Audi
38,Wilone,,wflear11@census.gov,(330) 4074139,Automation Specialist I,Dablist,,Bang Kruai,11130,"€93109,60",Suzuki
39,Verge,Tomkies,,(960) 8460698,Information Systems Manager,Pixope,Legal,Pedro Betancourt,,"€76733,30",Dodge
40,Tallou,Double,tdouble13e,(104) 3681146,,Babbleblab,Sales,Miyoshi,969-3501,"€76659,41",Chrysler
41,Jana,Cary,jcary14@shareasale.com,(823) 8700284,,Cogibox,,Rönninge,144 40,"€65209,65",Mazda
42,Briny,Skillanders,bskillanderrence.com,(159) 2456444,Analog Circuit Design manager,Skyba,,Pavlovsk,196627,"€14711,07",Chevrolet
43,Gianina,,,(628) 2559441,Payment Adjustment Coordinator,Meejo,,Qiligang,,"€10289,05",Honda
44,Lilllie,Rapi,lrapi17@linkedin.com,(812) 3277524,Occupational Therapist,Wikivu,Marketing,Río Grande,9420,"€21923,54",Chevrolet
45,Patric,Disman,,(687) 6687442,,Buzzshare,,Awsīm,,"€49022,33",Dodge
46,Celestina,Bracey,,(237) 9662637,Recruiter,Feedmix,Sales,Pandan Niog,3313,"€31456,25",Subaru
47,Lela,McIlvaney,lmcilvaney1a@ftc.gov,(676) 2160956,,Zava,Sales,Karlstad,652 27,"€32925,34",Daewoo
48,Claudette,Leonida,,(662) 9648723,,BlogXS,Legal,Uritsk,663594,"€7727,25",Oldsmobile
49,Garold,Bolan,gbolan1c@xrea.com,(923) 2336547,Desktop Support Technician,Wikizz,,Nirasaki,407-0176,"€14063,05",Chevrolet
50,Talia,Camidge,tcamidge1d@hibu.com,(727) 7878383,,Quimm,Product Management,Kuroda,958-0224,"€71984,35",Chevrolet
51,Caron,McCullagh,,(931) 7180,Computer Systems Analyst I,Skibox,Sales,Tenggong,,"€80244,93",Ford
52,Sherill,,ssaurat1f@squarespace.com,(308) 9459809,,Muxo,Support,Gimry,368959,"€33366,45",GMC
53,Aharon,Waycot,,,Analog Circuit Design manager,Photobean,,Saryaghash,,"€3035,95",Chevrolet
54,Gerianna,,gertelt1h@goo.ne.jp,5) 3981566,Human Resources Manager,Tagopia,,Lila,6304,"€1700,50",Mitsubishi
55,Elspeth,Elverston,eelverston1i@psu.edu,,Information Systems Manager,Brightdog,,Jianjiang,,"€90768,42",Pontiac
56,Clary,,cbernardi1j@ifeng.com,(8) 882690,,Jetpulse,,Gumaus,4606,"€13202,19",Mazda
57,Riki,Richardon,rrichardon1k@cdc.gov,(172) 6027090,Staff Accountant IV,Innotype,Engineering,Bayside,D13,"€57451,17",Chevrolet
58,Rafi,Manktelow,rmanktelow1l@sina.com.cn,(680) 3076816,Nurse,Skilith,Sales,Ngluwuk,,"€95287,39",Mitsubishi
59,Gabriella,,gmeenan1m@sourceforge.net,(617) 7787448,,Eamia,Support,Springfield,01114,"€86896,99",Pontiac
60,Anitra,,abrandenberg1n@flavors.me,(601) 4345279,,Wikizz,,Pinillos,134008,"€3936,55",Mitsubishi
61,Mallissa,,mkun1o@redcross.org,(253) 7615464,Food Chemist,Lazz,Services,Torrão,7595-048,"€33632,85",GMC
62,Bird,,bmcgrayle1p@spiegel.de,(175) 2981345,General Manager,Skipstorm,Engineering,Lallayug,6666,"€66792,51",Ford
63,Sharleen,,,(553) 5675297,Environmental Specialist,Feednation,,Best,5684,"€28261,62",Ford
64,Harley,McClounan,hmcclounan1r@about.com,(652) 3424062,Research Assistant II,Quamba,,Thị Trấn Yên Thịnh,,"€36804,87",Mercedes-Benz
65,Barnabas,Schiementz,bschiementz1s@paypal.com,(352) 2037534,Software Consultant,Riffpedia,Support,Tutong,,"€25773,07",Acura
66,Nobe,,nberkelay1t@spiegel.de,(720) 7145213,Accounting Assistant I,Lajo,,Pringgabaya,,"€44709,75",Chevrolet
67,Noreen,Songust,,(732) 9150872,,Demizz,Legal,Outeiro de Polima,2785-505,"€80629,88",Oldsmobile
68,Nady,Tohill,ntohill1vos.com,,,Jabbertype,,Hồ Xá,,"€55825,65",Mitsubishi
69,Elsi,Mival,emival1w@rellianom,(737) 4516070,,Edgeify,Accounting,Kampong Speu,,"€92746,37",Alfa Romeo
70,Hurlee,Whitsun,hwhitsun1x@kickstarter.com,(437) 1570713,Financial Advisor,Innotype,,Seoam,,"€68495,09",Porsche
71,Eba,Linton,elinton1y@nhs.uk,(719) 5674975,Assistant Professor,Divavu,,Iúna,29390-000,"€8382,48",Mercury
72,Milly,Dewitt,mdewitt1z@independent.co.uk,(658) 7305904,,Skyble,Product Management,Atalhada,9560-404,"€81041,85",BMW
73,Jermayne,Found,jfound20@wikispaces.com,(429) 2172032,Senior Cost Accountant,Youspan,,Gaborone,,"€25903,05",Ford
74,Ursulina,,ugeal21@guardian.co.uk,(4323505,Systems Administrator I,Avaveo,Product Management,Xikou,,"€73654,59",Volvo
75,Adrianna,Dukelow,adukelow22@hostgator.com,(263) 4914665,Media Manager I,Oyondu,,Karantaba,,"€31098,37",Mitsubishi
76,Shawn,Haswell,,(747) 2435478,Recruiting Manager,Geba,Marketing,Nijmegen,6519,"€24903,79",Dodge
77,Kellia,,kcherrison24@addtoany.com,(728) 8890351,Professor,Devpulse,Services,Kolambugan,2100,"€7257,10",Infiniti
78,Ladonna,,ldoutch25@bbc.co.uk,,Senior Quality Engineer,Quamba,,Shatki,607700,"€59185,93",Chevrolet
79,Cynthy,Yellowlee,cyellowlee26@slashdot.org,9614362,,Zooveo,Support,Carig,3503,"€17321,60",Nissan
80,Dierdre,,dclench27@devhub.com,(865) 4749286,Nurse,Twitterbridge,Training,Medenychi,,"€76057,60",Mitsubishi
81,Gwenni,Gringley,ggringley28@ucsd.edu,(523) 8816216,,Omba,,Artemisa,,"€41567,85",Chevrolet
82,Humfrid,Cancutt,hcancutt29@wp.com,(647) 9995961,Sales Associate,Meejo,Services,Idalolong,,"€20059,12",Chrysler
83,Freddy,Mish,fmish2a@telegraph.co.uk,(426) 4116283,Editor,Skyvu,Support,Morales,18004,"€96627,20",Audi
84,Dillie,Lambie,,(891) 2325005,Account Representative II,Realbridge,Human Resources,Patrocínio,38740-000,"€70109,88",BMW
85,Idalia,Meiningen,imeiningen2c@hugedomains.com,(993) 4832030,Account Representative II,Dablist,Services,Vila do Bispo,8650-409,"€8080,49",Chevrolet
86,Kai,McEvay,kmcevay2d@icq.com,(890) 1329402,Recruiter,Buzzster,,Palermo,90129,"€4986,66",Nissan
87,Reina,Morfett,rmorfett2e@cam.ac.uk,(836) 3061775,,Zoomlounge,Training,Namibe,,"€27121,41",Subaru
88,Brianne,,bbeavan2f@eventbrite.com,(995) 5715,Design Engineer,Quatz,Human Resources,Grati Satu,,"€45905,58",Porsche
89,Lawry,,lchalfain2g@globo.com,(937) 6755584,,Meetz,Business Development,Taoyuan,,"€80974,83",Mitsubishi
90,Bryn,,bmitten2h@de.vu,(225) 9698490,Senior Editor,Babbleblab,Research and Development,Wamba,,"€2235,11",Chevrolet
91,Mitzi,,mluckman2i@symantec.com,(944) 8643917,,Flashdog,Accounting,Yangchao,,"€99164,82",Jeep
92,Veronike,Leupoldt,vleupoldt2j@behance.net,,Biostatistician I,Devpoint,,Dobra,72-210,"€60845,03",Cadillac
93,Ritchie,Bisgrove,rbisgrove2k@washingtonpost.com,(122) 8216496,,Quinu,Training,Puno,,"€5496,25",Land Rover
94,Omar,,oricardou2l@si.edu,(384) 8621622,Quality Control Specialist,Twitterwire,Accounting,Mando,,"€59633,89",Audi
95,Rhoda,,rmenichino2m@over-blog.com,,,Edgeblab,,Benešov,679 53,"€87715,62",Pontiac
96,Darrel,,,(551) 5047674,,Fatz,Engineering,Lingbei,,"€97961,14",Geo
97,Michelina,Comizzoli,mcomizzoli2o@networksolutions.com,(321) 3810769,,Rooxo,,Shunling,,"€58347,45",Volkswagen
98,Tine,Francescuccio,tfrancescuccio2p@wp.com,(334) 3223652,,Babbleset,,Gorelovo,644091,"€99548,59",Ford
99,Rodrique,Millichip,rmillichip2q@moonfruit.com,(263) 8235704,Analog Circuit Design manager,Zoomdog,Research and Development,Lantian,,"€40014,15",Cadillac
100,Zonnya,,,,Speech Pathologist,Nlounge,,Ouagadougou,,"€86495,37",Ford
101,Cissy,,cwithrop2s@apache.org,(249) 2317578,Civil Engineer,Leenti,Training,Getengan,,"€42194,15",Mitsubishi
102,Kristi,,khallewell2t@mediafire.com,(585) 1580631,Research Associate,Oyope,,Bangunsari,,"€94799,48",Mitsubishi
103,Merl,Douthwaite,,(929) 3531080,,Voolia,,Parajara,,"€76975,09",Chrysler
104,Markus,Trineman,mtrineman2v@guardian.co.uk,(751) 8867861,Analog Circuit Design manager,Einti,,Žitenice,411 41,"€37998,12",Pontiac
105,Celestia,Hogben,chogben2w@ed.gov,(631) 5514234,Administrative Officer,Yodel,Research and Development,Uppsala,752 42,"€34697,38",Chrysler
106,Lacey,Delatour,ldelatour2x@addthis.com,(633) 1807833,,Avavee,Marketing,Boca de Parita,,"€95060,78",Ford
107,Britteny,,bluxton2y@mit.edu,(158) 3924002,Librarian,Blogtags,Training,Yelan’,396647,"€73820,01",Saab
108,Ellsworth,McLeese,emcleese2z@mozilla.org,(490) 8163867,,Mita,,Klenovyy,,"€59178,23",Mazda
109,Vannie,Morris,vmorris30@clickbank.net,(330) 4709837,Database Administrator II,Snaptags,Accounting,Granada,252257,"€26570,65",Chevrolet
110,Rosemarie,,,(237) 6533432,Computer Systems Analyst IV,Thoughtmix,Legal,Guintubhan,7008,"€98146,18",Plymouth
111,Lyndsey,,,(418) 3973268,Account Executive,Flipopia,,Pimentel,,"€27949,49",Porsche
112,Ediva,Shingler,eshingler33@si.edu,,Programmer IV,Babblestorm,Support,Łomazy,21-532,"€30271,20",Ferrari
113,Brandais,Spileman,bspileman34@uiuc.edu,(114) 1921084,,Gabspot,Sales,Shah Alam,40672,"€75968,93",Toyota
114,Didi,Taber,,(706) 8602602,,DabZ,Legal,Morant Bay,,"€92302,26",MINI
115,Hyatt,Davidwitz,,(686) 6561746,Legal Assistant,Zoombox,Engineering,Ciputat,,"€29511,78",Toyota
116,Cori,,cgobeau37@cafepress.com,(246) 2702178,Community Outreach Specialist,Rhynyx,Research and Development,Xinan,,"€93657,27",Nissan
117,Teddy,Treagust,ttreagust38@geocities.jp,(485) 4868250,,Jabberstorm,,Huimin,,"€19183,61",Ford
118,Eveleen,Meindl,emeindl39@opensource.org,(942) 6162742,Analyst Programmer,Janyx,,Las Lomas,,"€53768,74",Mercury
119,Patsy,Dwane,pdwane3a@cdbaby.com,(483) 1386173,Research Nurse,Quinu,Engineering,Ciorescu,MD-2089,"€82058,79",Ford
120,Chantal,Larvor,clarvor3b@qq.com,,Design Engineer,Oyondu,Research and Development,Geyuan,,"€93982,95",Toyota
121,Nady,Gleed,ngleed3c@imdb.com,(341) 5733471,Biostatistician II,Voolith,,Caloue,,"€68472,71",Saab
122,Rakel,Demaine,rdemaine3d@issuu.com,(464) 4373308,Assistant Manager,Pixoboo,Product Management,Komatsu,999-8317,"€48826,84",Cadillac
123,Bartolemo,,bbartoli3e@ted.com,(625) 2734386,Cost Accountant,Bubblemix,,Nacka,131 83,"€79220,93",Mercury
124,Tressa,Piggens,tpiggens3f@goo.ne.jp,(833) 1187594,Senior Editor,Ntags,,Kuczbork-Osada,09-310,"€14923,91",Chevrolet
125,Florie,,,(307) 5785397,Assistant Manager,Babblestorm,Training,Bassa,,"€38986,22",Ford
126,Betsey,,,(957) 1262049,Legal Assistant,Yabox,,San Antonio,4503,"€44781,18",Holden
127,Stacie,Brennan,sbrennan3i@istockphoto.com,(570) 1071945,GIS Technical Architect,Meeveo,,Pondokwungu,,"€32999,48",Audi
128,Dido,,,(234) 1948636,Senior Editor,Skidoo,Product Management,Shiziling,,"€3135,01",Ford
129,Conny,Waggett,cwaggett3k@tumblr.com,(219) 8862303,Executive Secretary,Ntags,Engineering,Roliça,2540-664,"€29985,84",GMC
130,Tad,,tclitheroe3l@bizjournals.com,(193) 9014175,,Edgepulse,Training,Maojiadian,,"€97997,67",Chevrolet
131,Fremont,,fiowarch3m@fc2.com,(197) 6859663,Payment Adjustment Coordinator,Abatz,Marketing,Skien,3741,"€56266,63",Chrysler
132,Regina,Cartmale,,(929) 4906617,Analog Circuit Design manager,Mycat,Research and Development,Dampek,,"€88502,24",Ford
133,Alexina,Mapam,amapam3o@shinystat.com,,,Kazio,Engineering,Antipolo,3129,"€24950,32",Jeep
134,Debbi,Ogilvie,,(125) 5084679,VP Product Management,Katz,Support,Xinglongchang,,"€78921,62",Volvo
135,Sherlocke,,smallender3q@4shared.com,(871) 6543029,Web Developer IV,Topicshots,Human Resources,Kamina,,"€28692,23",Mitsubishi
136,Betsy,Edie,bedie3r@forbes.com,(212) 7224808,Administrative Assistant III,Kwinu,,New York City,10125,"€76295,17",Nissan
137,Natalie,Abramsky,nabramsky3s@fda.gov,(611) 5159011,Physical Therapy Assistant,Meembee,Product Management,Xunjian,,"€66449,24",Suzuki
138,Tyrus,Blaxlande,,(692) 1039974,Project Manager,Devcast,Business Development,Zbýšov,683 52,"€31937,34",BMW
139,Adams,Jaskiewicz,ajaskiewicz3u@yellowbook.com,(689) 7977693,Nurse,Izio,Services,Zavidovo,171275,"€92769,39",Aston Martin
140,Susann,Blackader,,(661) 7660660,,Dynabox,Marketing,Krajan Satu,,"€48083,18",Nissan
141,Holly,Wadham,hwadham3w@blogspot.com,(608) 2499808,Budget/Accounting Analyst I,Youspan,Human Resources,Modot,,"€25411,41",Toyota
142,Winifred,Stanfield,wstanfield3x@bing.com,(820) 4773132,Accounting Assistant III,Avavee,Services,Bugcaon,4023,"€12619,58",Honda
143,Bartlet,Farrears,bfarrears3y@ucoz.ru,(308) 6485132,VP Quality Control,Lajo,,Pasargunung,,"€20714,98",Lotus
144,Goldy,Dyett,gdyett3z@ihg.com,(567) 5440836,,Mymm,Accounting,Lawepakam,,"€25240,94",Nissan
145,Shay,,shadaway40@reddit.com,,,Reallinks,Accounting,Nyzhnya Krynka,,"€59683,86",Honda
146,Prentiss,,,(770) 3424767,,Feednation,Support,Marcovia,,"€59185,18",Ford
147,Edd,Plumtree,eplumtree42@aol.com,(664) 6362818,Actuary,Topiczoom,,Vilarinho da Castanheira,5140-279,"€14349,98",Toyota
148,Frannie,Bucham,fbucham43@biblegateway.com,(755) 3287247,Pharmacist,Linklinks,Training,Castleknock,K78,"€47469,99",Infiniti
149,Barnie,,bhaddow44@bloomberg.com,(342) 9466548,,Camimbo,Business Development,Donggou,,"€85705,70",Acura
150,Letizia,,lstubbley45@hao123.com,(899) 9512552,Desktop Support Technician,Devbug,Support,Salaš Crnobarski,,"€66055,83",Plymouth
151,Hunter,Steaning,hsteaning46@miitbeian.gov.cn,,Quality Engineer,Quinu,,Cipancur,,"€9690,29",Ford
152,Zerk,Garretts,zgarretts47@networkadvertising.org,(433) 6697527,Food Chemist,Rhyzio,Marketing,Bauang,2501,"€32371,50",Lincoln
153,Daven,Derrington,dderrington48@tripadvisor.com,,Research Nurse,Eare,,Karsin,83-440,"€10396,56",Toyota
154,Dukie,,dhub49@dell.com,(969) 7175760,Analog Circuit Design manager,LiveZ,Engineering,Čížkovice,411 12,"€67436,50",Audi
155,Goddard,Pierro,,(647) 1354987,Director of Sales,Twitterbridge,,Pointe-à-Pitre,97019 CEDEX,"€70734,15",Saturn
156,Joe,Rault,jrault4b@va.gov,(736) 1197473,Programmer Analyst I,Brightdog,,Shangcai Zhongxing,,"€28841,13",Ford
157,Kathy,Davidesco,,(132) 8393802,Research Nurse,Mudo,Legal,Almeirim,68230-000,"€29404,63",Toyota
158,Bail,,bmudle4d@cargocollective.com,(693) 2090062,,Edgeify,,Prosvet,641330,"€37967,84",Mercedes-Benz
159,Katha,Goodding,kgoodding4e@ebay.com,(905) 7809683,Analyst Programmer,LiveZ,Training,Jiangfeng,,"€79161,75",Mitsubishi
160,Tonya,Van der Velden,tvandervelden4f@walmart.com,(879) 3597459,,Blogspan,,Qādirpur Rān,59311,"€98285,57",Holden
161,Hamid,Keech,,(602) 5844460,Senior Cost Accountant,Divape,Services,Giedlarowa,40-401,"€72978,14",Dodge
162,Eadmund,Estabrook,,(305) 9360326,,Cogibox,,Dassa-Zoumé,,"€32196,09",Toyota
163,Lars,,lavraam4i@angelfire.com,,Computer Systems Analyst III,Wikido,,Caldas da Felgueira,3525-205,"€86363,69",BMW
164,Filbert,Guerrieri,,(230) 7723828,Engineer III,Feedbug,Support,Safed,,"€27098,60",Volkswagen
165,Julissa,Stockney,,(453) 5686004,Administrative Assistant II,Eamia,Legal,Zhetian,,"€23650,00",Ford
166,Moises,,,(576) 5459016,Professor,Geba,,Jinjiang,,"€39988,64",Audi
167,Holly,Potteridge,hpotteridge4m@moonfruit.com,,Graphic Designer,Viva,,Curry,5702,"€34795,46",Chevrolet
168,Issy,Barfford,ibarfford4n@goo.gl,(541) 7856163,Associate Professor,Mynte,Support,Lauro de Freitas,42700-000,"€32589,82",Toyota
169,Dewitt,Haycock,dhaycock4o@livejournal.com,(569) 9299723,Occupational Therapist,Feedfish,Engineering,Aveleda,4575-393,"€12253,72",Chrysler
170,Brian,Feldberg,bfeldberg4p@chronoengine.com,(383) 8356921,Technical Writer,Meejo,Business Development,Paraíso das Águas,36420-000,"€50215,17",Subaru
171,Juliann,,,(113) 2299044,Operator,Vitz,,Junshan,,"€75221,49",Nissan
172,Clari,,,(459) 9591647,Research Nurse,Lazz,,Casal da Serra,2560-057,"€61405,18",Mercedes-Benz
173,Tibold,,thalford4s@addtoany.com,(101) 5176964,,Kazio,Legal,Hörby,242 94,"€99820,90",Nissan
174,Tallie,Teape,,(216) 8701777,,Topiczoom,Training,Konibodom,,"€42241,94",Mercury
175,Reginauld,McSporrin,rmcsporrin4u@cbsnews.com,,Financial Advisor,Meezzy,Business Development,Tacheng,,"€13343,29",Mitsubishi
176,Bud,,bminney4v@dailymotion.com,(276) 4652446,Graphic Designer,Bubbletube,Human Resources,Shabqadar,45401,"€82754,91",GMC
177,Merell,Airth,mairth4wcom,(570) 1231595,,Feedmix,Legal,Tobelo,,"€65171,93",Toyota
178,Marlena,Edwinson,,(3167503,Engineer IV,Blogtags,Accounting,Mokil,,"€18822,71",Mercury
179,Terrence,Mockford,,(717) 7676933,Internal Auditor,Meetz,Product Management,Airuk,96960,"€41463,48",Audi
180,Lotta,Kildale,lkildale4z@reverbnation.com,(946) 8034796,,Kamba,Support,Piracicaba,13400-000,"€53712,42",Toyota
181,Elaine,Beardshaw,ebeardshaw50@cnn.com,(141) 8673679,Administrative Assistant I,Riffpath,Business Development,Eadestown,A86,"€89785,04",Chevrolet
182,Jessalin,,jrutt51@google.com.hk,(112) 6723875,Associate Professor,Zoomzone,Training,Cuihuangkou,,"€57223,16",Mercedes-Benz
183,Rafaelita,Wannop,rwannop52@desdev.cn,(668) 2534297,,Tagcat,,Rezé,44409 CEDEX,"€16078,95",Honda
184,Celestine,Vanichkov,cvanichkov53@usgs.gov,(903) 7254267,Internal Auditor,Realpoint,,Leubatang,,"€73643,74",GMC
185,Ignatius,,,(574) 8683825,,Realblab,Legal,Dongzaogang,,"€46943,33",Ford
186,Ivette,Harrowell,,(456) 3570957,,Browsebug,,Kedungcangkring,,"€53484,58",Kia
187,Freemon,Youthed,fyouthed56@skyrock.com,(778) 1719344,,Tekfly,Research and Development,Lhoknga,,"€18602,91",Lincoln
188,Stanwood,Gulston,sgulshub.com,(835) 8955399,,Fivebridge,,Pilcuyo,,"€37304,51",Hyundai
189,Odessa,Guiso,oguiso58@pagesperso-orange.fr,(798) 2685693,Human Resources Assistant I,Topdrive,Product Management,Kuching,93504,"€52721,83",Dodge
190,Culver,Laugharne,claugharne59@tripod.com,(304) 9157527,,Topdrive,,Gorjani,31422,"€66027,72",BMW
191,Misha,Smail,,(708) 6103940,Information Systems Manager,Shufflester,Marketing,Ochër,617140,"€28587,16",Jeep
192,Arvy,Blanchard,ablanchard5b@twitter,(561) 6068543,Research Assistant II,Yata,Engineering,Balahovit,,"€15587,26",Pontiac
193,Francois,Graddon,fgraddon5c@mozilla.com,(617) 2151,Tax Accountant,Buzzster,Human Resources,Vargem Grande Paulista,06730-000,"€68623,02",Cadillac
194,Peadar,Lefort,plefort5d@themeforest.net,,VP Quality Control,Dynabox,Product Management,Osekovo,44317,"€16034,53",Audi
195,Elias,,elamort5e@jimdo.com,(879) 8975661,Human Resources Assistant III,Zava,,Emmen,7804,"€95128,54",Volvo
196,Baxy,,,(795) 7658980,Payment Adjustment Coordinator,Dynava,Support,Kamalasai,46130,"€31459,61",Cadillac
197,Isac,Rubinlicht,irubinlicht5g@live.com,,Programmer Analyst II,Dynazzy,,Mungging,,"€3604,18",BMW
198,Angie,Vasilischev,avasilischev5h@mediafire.com,,VP Product Management,Realcube,Business Development,Drogomyśl,43-424,"€17121,01",Dodge
199,Alana,Feasley,afeasley5i@stanford.edu,(734) 1937615,Accounting Assistant I,Ntags,Services,Zhenyuan,,"€72791,35",Subaru
200,Konstantin,,kgilbeart5j@pbs.org,(314) 7130983,,Tavu,Legal,Verenchanka,,"€34510,88",Lamborghini
